,player names,gps,wins,gaa,sv%
0,Connor Hellebuyck,17.1,54,2.09,0.927
1,Filip Gustavsson,15.899999999999999,42,2.08,0.927
2,Juuse Saros,14.100000000000001,18,2.72,0.908
3,Joey Daccord,13.200000000000001,36,2.42,0.916
4,Igor Shesterkin,13.200000000000001,27,2.95,0.91
5,Lukáš Dostál,13.200000000000001,18,2.67,0.921
